date,region,new_cases,new_deaths,new_recoveries
2020-01-01,North America,4933,187,2746
2020-01-01,Europe,338,19,92
2020-01-01,Asia,3314,241,1140
2020-01-01,Africa,3712,38,3600
2020-01-01,South America,3008,210,646
2020-01-01,Australia,4385,332,3552
2020-01-02,North America,4224,237,1848
2020-01-02,Europe,2652,109,2355
2020-01-02,Asia,2299,169,232
2020-01-02,Africa,3166,77,830
2020-01-02,South America,2574,113,1056
2020-01-02,Australia,143,13,13
2020-01-03,North America,4240,105,803
2020-01-03,Europe,101,5,40
2020-01-03,Asia,3424,80,1114
2020-01-03,Africa,4691,411,1803
2020-01-03,South America,4612,102,2921
2020-01-03,Australia,46,0,37
2020-01-04,North America,3701,276,3189
2020-01-04,Europe,3024,38,1393
2020-01-04,Asia,4496,180,3634
2020-01-04,Africa,2684,224,292
2020-01-04,South America,2773,182,931
2020-01-04,Australia,927,73,730
2020-01-05,North America,114,6,15
2020-01-05,Europe,3955,119,1015
2020-01-05,Asia,835,21,759
2020-01-05,Africa,1800,30,154
2020-01-05,South America,3010,56,1550
2020-01-05,Australia,4312,194,3194
2020-01-06,North America,3073,218,954
2020-01-06,Europe,1203,64,410
2020-01-06,Asia,3588,339,2845
2020-01-06,Africa,3142,109,2311
2020-01-06,South America,362,21,124
2020-01-06,Australia,2858,93,227
2020-01-07,North America,2399,160,916
2020-01-07,Europe,4257,81,2295
2020-01-07,Asia,1219,31,243
2020-01-07,Africa,2058,168,831
2020-01-07,South America,1880,185,1328
2020-01-07,Australia,2389,216,2108
2020-01-08,North America,38,2,21
2020-01-08,Europe,1608,41,1055
2020-01-08,Asia,3198,79,1094
2020-01-08,Africa,4348,429,725
2020-01-08,South America,2538,160,1106
2020-01-08,Australia,1311,62,157
2020-01-09,North America,1872,74,749
2020-01-09,Europe,1769,63,953
2020-01-09,Asia,1252,7,750
2020-01-09,Africa,1774,163,1240
2020-01-09,South America,2895,262,629
2020-01-09,Australia,4911,124,1896
2020-01-10,North America,1852,99,650
2020-01-10,Europe,2377,233,579
2020-01-10,Asia,2725,188,1550
2020-01-10,Africa,1048,46,1013
2020-01-10,South America,3752,23,3525
2020-01-10,Australia,2341,176,2249
2020-01-11,North America,4259,268,3015
2020-01-11,Europe,877,14,574
2020-01-11,Asia,2822,125,528
2020-01-11,Africa,2580,187,1106
2020-01-11,South America,280,6,53
2020-01-11,Australia,1208,56,333
2020-01-12,North America,1188,9,396
2020-01-12,Europe,1844,144,645
2020-01-12,Asia,2442,134,1118
2020-01-12,Africa,4209,401,3160
2020-01-12,South America,717,56,213
2020-01-12,Australia,2799,61,1932
2020-01-13,North America,3354,60,113
2020-01-13,Europe,1259,38,709
2020-01-13,Asia,338,1,228
2020-01-13,Africa,2894,130,835
2020-01-13,South America,3064,107,2887
2020-01-13,Australia,3035,128,324
2020-01-14,North America,616,43,560
2020-01-14,Europe,806,65,668
2020-01-14,Asia,2572,175,1187
2020-01-14,Africa,4920,440,3556
2020-01-14,South America,2027,165,913
2020-01-14,Australia,3329,72,90
2020-01-15,North America,4696,18,3052
2020-01-15,Europe,4500,122,2059
2020-01-15,Asia,4719,227,4656
2020-01-15,Africa,2288,201,1924
2020-01-15,South America,4586,131,3129
2020-01-15,Australia,926,37,596
2020-01-16,North America,1668,7,1568
2020-01-16,Europe,3560,155,1285
2020-01-16,Asia,1073,54,901
2020-01-16,Africa,1752,13,671
2020-01-16,South America,4007,373,2703
2020-01-16,Australia,3864,174,2127
2020-01-17,North America,3676,119,2356
2020-01-17,Europe,4718,254,4026
2020-01-17,Asia,3309,124,671
2020-01-17,Africa,3291,10,1946
2020-01-17,South America,1892,135,143
2020-01-17,Australia,3948,317,3709
2020-01-18,North America,1818,132,730
2020-01-18,Europe,33,3,22
2020-01-18,Asia,125,5,54
2020-01-18,Africa,1795,110,1311
2020-01-18,South America,2906,278,2204
2020-01-18,Australia,3427,5,2985
2020-01-19,North America,4373,259,2510
2020-01-19,Europe,4081,264,1506
2020-01-19,Asia,3281,28,1635
2020-01-19,Africa,4714,379,4379
2020-01-19,South America,1296,30,492
2020-01-19,Australia,1653,142,1191
2020-01-20,North America,2593,11,2492
2020-01-20,Europe,3448,124,1076
2020-01-20,Asia,1408,87,886
2020-01-20,Africa,3927,27,3506
2020-01-20,South America,986,11,223
2020-01-20,Australia,2538,161,825
2020-01-21,North America,4126,176,2882
2020-01-21,Europe,1637,95,1615
2020-01-21,Asia,955,74,940
2020-01-21,Africa,1409,17,1281
2020-01-21,South America,206,5,12
2020-01-21,Australia,1252,104,1131
2020-01-22,North America,2917,123,2614
2020-01-22,Europe,2598,163,1633
2020-01-22,Asia,3326,118,626
2020-01-22,Africa,1052,85,373
2020-01-22,South America,4765,74,1547
2020-01-22,Australia,3744,282,2402
2020-01-23,North America,4184,3,1908
2020-01-23,Europe,2836,216,786
2020-01-23,Asia,2227,69,1677
2020-01-23,Africa,4445,336,4149
2020-01-23,South America,4898,483,3071
2020-01-23,Australia,922,83,555
2020-01-24,North America,2292,194,439
2020-01-24,Europe,2081,86,1118
2020-01-24,Asia,2894,51,1157
2020-01-24,Africa,1629,99,1014
2020-01-24,South America,60,6,17
2020-01-24,Australia,3428,213,1685
2020-01-25,North America,2940,216,940
2020-01-25,Europe,4929,263,3019
2020-01-25,Asia,1222,83,736
2020-01-25,Africa,2223,68,1432
2020-01-25,South America,3397,37,782
2020-01-25,Australia,3894,242,1858
2020-01-26,North America,2494,214,2210
2020-01-26,Europe,4870,69,3780
2020-01-26,Asia,2473,143,725
2020-01-26,Africa,1327,1,70
2020-01-26,South America,4914,138,1687
2020-01-26,Australia,1923,98,568
2020-01-27,North America,383,37,269
2020-01-27,Europe,4425,43,3874
2020-01-27,Asia,1370,25,1114
2020-01-27,Africa,3978,130,2710
2020-01-27,South America,305,18,109
2020-01-27,Australia,2205,11,555
2020-01-28,North America,3930,151,835
2020-01-28,Europe,4893,419,3503
2020-01-28,Asia,1309,118,150
2020-01-28,Africa,4749,212,3602
2020-01-28,South America,1186,19,495
2020-01-28,Australia,1025,85,574
2020-01-29,North America,3523,213,2136
2020-01-29,Europe,547,33,413
2020-01-29,Asia,2092,178,881
2020-01-29,Africa,2661,168,234
2020-01-29,South America,3094,247,1438
2020-01-29,Australia,477,14,143
2020-01-30,North America,2233,11,1056
2020-01-30,Europe,1900,180,696
2020-01-30,Asia,4319,193,3284
2020-01-30,Africa,4591,322,3683
2020-01-30,South America,3424,323,993
2020-01-30,Australia,702,48,456
2020-01-31,North America,4159,162,2752
2020-01-31,Europe,1787,119,399
2020-01-31,Asia,2947,218,958
2020-01-31,Africa,473,29,161
2020-01-31,South America,1044,82,634
2020-01-31,Australia,2647,264,1642
2020-02-01,North America,4632,251,930
2020-02-01,Europe,2241,9,728
2020-02-01,Asia,4409,260,2059
2020-02-01,Africa,2386,2,2366
2020-02-01,South America,158,6,15
2020-02-01,Australia,3374,331,1426
2020-02-02,North America,1887,69,1483
2020-02-02,Europe,2548,187,838
2020-02-02,Asia,2009,173,1522
2020-02-02,Africa,1561,12,418
2020-02-02,South America,4411,293,1173
2020-02-02,Australia,4752,134,1717
2020-02-03,North America,852,40,105
2020-02-03,Europe,4332,433,3773
2020-02-03,Asia,2183,86,1650
2020-02-03,Africa,2887,120,1522
2020-02-03,South America,4365,271,324
2020-02-03,Australia,1637,156,1572
2020-02-04,North America,1149,99,475
2020-02-04,Europe,1781,159,678
2020-02-04,Asia,4274,301,2932
2020-02-04,Africa,2648,124,1890
2020-02-04,South America,1717,160,1238
2020-02-04,Australia,2536,58,387
2020-02-05,North America,3046,58,532
2020-02-05,Europe,4458,23,1448
2020-02-05,Asia,4360,255,1624
2020-02-05,Africa,3990,288,3640
2020-02-05,South America,3985,233,892
2020-02-05,Australia,605,54,68
2020-02-06,North America,4635,269,381
2020-02-06,Europe,2177,156,1082
2020-02-06,Asia,1644,21,127
2020-02-06,Africa,4624,402,2799
2020-02-06,South America,1062,49,126
2020-02-06,Australia,3362,109,1140
2020-02-07,North America,0,0,0
2020-02-07,Europe,3047,134,542
2020-02-07,Asia,3011,19,1860
2020-02-07,Africa,4155,323,2113
2020-02-07,South America,2334,23,2271
2020-02-07,Australia,3939,179,1631
2020-02-08,North America,4467,222,4403
2020-02-08,Europe,3832,310,1103
2020-02-08,Asia,2658,257,1243
2020-02-08,Africa,976,44,634
2020-02-08,South America,124,0,77
2020-02-08,Australia,2728,145,421
2020-02-09,North America,1191,69,447
2020-02-09,Europe,1977,73,1976
2020-02-09,Asia,1366,133,788
2020-02-09,Africa,3009,243,433
2020-02-09,South America,2574,170,1652
2020-02-09,Australia,3310,235,1721
2020-02-10,North America,4133,3,762
2020-02-10,Europe,4343,431,3818
2020-02-10,Asia,4059,400,737
2020-02-10,Africa,4284,332,1255
2020-02-10,South America,4822,59,452
2020-02-10,Australia,2403,176,872
2020-02-11,North America,4291,112,811
2020-02-11,Europe,2768,6,1637
2020-02-11,Asia,2546,147,1978
2020-02-11,Africa,716,58,337
2020-02-11,South America,2524,90,2007
2020-02-11,Australia,3963,373,1550
2020-02-12,North America,3324,324,569
2020-02-12,Europe,4424,97,2567
2020-02-12,Asia,1132,112,1105
2020-02-12,Africa,1544,91,919
2020-02-12,South America,2812,109,2125
2020-02-12,Australia,4925,483,1242
2020-02-13,North America,4307,181,2205
2020-02-13,Europe,3355,27,657
2020-02-13,Asia,3878,348,3441
2020-02-13,Africa,3923,285,3034
2020-02-13,South America,4208,236,3660
2020-02-13,Australia,4238,35,693
2020-02-14,North America,4368,59,2880
2020-02-14,Europe,1326,4,1315
2020-02-14,Asia,3804,121,3381
2020-02-14,Africa,2405,216,1813
2020-02-14,South America,187,7,53
2020-02-14,Australia,4322,350,3131
2020-02-15,North America,4163,230,2908
2020-02-15,Europe,4891,40,882
2020-02-15,Asia,2555,124,2251
2020-02-15,Africa,947,38,406
2020-02-15,South America,2167,183,701
2020-02-15,Australia,4382,54,2437
2020-02-16,North America,4215,342,1696
2020-02-16,Europe,554,43,369
2020-02-16,Asia,4567,447,3344
2020-02-16,Africa,346,12,176
2020-02-16,South America,1428,53,441
2020-02-16,Australia,4620,381,1866
2020-02-17,North America,1686,118,1496
2020-02-17,Europe,4719,354,4457
2020-02-17,Asia,4419,159,543
2020-02-17,Africa,4119,175,1962
2020-02-17,South America,2256,17,1862
2020-02-17,Australia,4219,319,2620
2020-02-18,North America,4584,145,3049
2020-02-18,Europe,2662,208,913
2020-02-18,Asia,3826,199,631
2020-02-18,Africa,2166,173,766
2020-02-18,South America,3362,150,2555
2020-02-18,Australia,1207,101,393
2020-02-19,North America,4391,96,3215
2020-02-19,Europe,1458,108,858
2020-02-19,Asia,2650,98,2260
2020-02-19,Africa,68,0,64
2020-02-19,South America,2097,193,2054
2020-02-19,Australia,2247,105,361
2020-02-20,North America,3683,364,3588
2020-02-20,Europe,1497,85,942
2020-02-20,Asia,444,4,423
2020-02-20,Africa,3061,5,590
2020-02-20,South America,4715,204,939
2020-02-20,Australia,1637,81,286
2020-02-21,North America,2425,234,1751
2020-02-21,Europe,2595,151,1867
2020-02-21,Asia,1600,8,528
2020-02-21,Africa,3655,286,1762
2020-02-21,South America,3453,104,223
2020-02-21,Australia,3960,153,2505
2020-02-22,North America,4446,96,3381
2020-02-22,Europe,4961,486,1879
2020-02-22,Asia,1404,2,269
2020-02-22,Africa,3053,283,648
2020-02-22,South America,4370,416,1830
2020-02-22,Australia,4179,328,3601
2020-02-23,North America,2485,15,2349
2020-02-23,Europe,1850,147,1582
2020-02-23,Asia,4090,393,2349
2020-02-23,Africa,205,17,198
2020-02-23,South America,2146,61,1440
2020-02-23,Australia,3910,302,2474
2020-02-24,North America,3012,243,1211
2020-02-24,Europe,4577,80,4438
2020-02-24,Asia,2772,92,1996
2020-02-24,Africa,1105,2,940
2020-02-24,South America,2036,201,748
2020-02-24,Australia,259,5,21
2020-02-25,North America,3768,344,707
2020-02-25,Europe,4338,327,3418
2020-02-25,Asia,951,45,145
2020-02-25,Africa,4942,410,1199
2020-02-25,South America,4895,404,1731
2020-02-25,Australia,32,1,8
2020-02-26,North America,22,2,10
2020-02-26,Europe,2303,43,1774
2020-02-26,Asia,4551,412,3819
2020-02-26,Africa,23,0,18
2020-02-26,South America,3192,25,383
2020-02-26,Australia,3931,305,947
2020-02-27,North America,4006,359,3179
2020-02-27,Europe,2158,54,1192
2020-02-27,Asia,3965,114,2447
2020-02-27,Africa,2536,249,1181
2020-02-27,South America,2782,199,2669
2020-02-27,Australia,3206,236,429
2020-02-28,North America,1518,54,657
2020-02-28,Europe,2093,16,1068
2020-02-28,Asia,3367,239,2141
2020-02-28,Africa,2990,267,1814
2020-02-28,South America,273,0,230
2020-02-28,Australia,3038,160,2648
2020-02-29,North America,2779,26,1704
2020-02-29,Europe,4953,252,691
2020-02-29,Asia,3195,56,1151
2020-02-29,Africa,1554,103,869
2020-02-29,South America,891,87,270
2020-02-29,Australia,4600,284,2961
2020-03-01,North America,1259,92,634
2020-03-01,Europe,2406,66,863
2020-03-01,Asia,3460,134,2991
2020-03-01,Africa,4826,407,1622
2020-03-01,South America,2313,88,1154
2020-03-01,Australia,569,4,241
2020-03-02,North America,940,63,734
2020-03-02,Europe,2937,58,2206
2020-03-02,Asia,1202,7,896
2020-03-02,Africa,2921,193,711
2020-03-02,South America,4246,5,2149
2020-03-02,Australia,3980,260,1892
2020-03-03,North America,4679,179,928
2020-03-03,Europe,2313,175,1125
2020-03-03,Asia,3708,231,1939
2020-03-03,Africa,1082,3,13
2020-03-03,South America,3979,317,833
2020-03-03,Australia,466,39,77
2020-03-04,North America,1146,9,349
2020-03-04,Europe,4885,263,3008
2020-03-04,Asia,1087,42,895
2020-03-04,Africa,1071,68,407
2020-03-04,South America,1456,105,883
2020-03-04,Australia,1686,10,274
2020-03-05,North America,986,47,347
2020-03-05,Europe,4984,38,3214
2020-03-05,Asia,4394,309,663
2020-03-05,Africa,1633,8,758
2020-03-05,South America,896,25,167
2020-03-05,Australia,1418,25,940
2020-03-06,North America,4470,49,4109
2020-03-06,Europe,2845,70,941
2020-03-06,Asia,2386,7,445
2020-03-06,Africa,1379,132,867
2020-03-06,South America,1997,57,521
2020-03-06,Australia,1527,17,1287
2020-03-07,North America,1444,22,1095
2020-03-07,Europe,2419,138,1721
2020-03-07,Asia,2,0,2
2020-03-07,Africa,2342,230,1534
2020-03-07,South America,4730,264,2344
2020-03-07,Australia,4710,417,2475
2020-03-08,North America,3871,166,631
2020-03-08,Europe,1763,130,407
2020-03-08,Asia,1374,132,1203
2020-03-08,Africa,2448,136,2015
2020-03-08,South America,3137,216,2858
2020-03-08,Australia,2455,67,942
2020-03-09,North America,3644,262,719
2020-03-09,Europe,2684,27,721
2020-03-09,Asia,3247,195,690
2020-03-09,Africa,2695,97,589
2020-03-09,South America,947,47,462
2020-03-09,Australia,1569,26,79
2020-03-10,North America,2645,68,1322
2020-03-10,Europe,3391,89,967
2020-03-10,Asia,2468,200,1998
2020-03-10,Africa,3718,207,2688
2020-03-10,South America,293,14,43
2020-03-10,Australia,4633,444,2980
2020-03-11,North America,4,0,4
2020-03-11,Europe,3940,355,1189
2020-03-11,Asia,1467,91,1411
2020-03-11,Africa,2249,9,2169
2020-03-11,South America,3033,277,485
2020-03-11,Australia,3063,34,2203
2020-03-12,North America,3742,226,2796
2020-03-12,Europe,1667,32,1435
2020-03-12,Asia,350,0,120
2020-03-12,Africa,980,23,761
2020-03-12,South America,2084,57,1772
2020-03-12,Australia,3412,26,276
2020-03-13,North America,3771,59,2943
2020-03-13,Europe,3755,133,839
2020-03-13,Asia,4059,303,3482
2020-03-13,Africa,2956,147,840
2020-03-13,South America,4437,369,1443
2020-03-13,Australia,1123,35,262
2020-03-14,North America,3175,208,693
2020-03-14,Europe,4409,179,1512
2020-03-14,Asia,3677,366,979
2020-03-14,Africa,4974,32,614
2020-03-14,South America,3902,227,2516
2020-03-14,Australia,2326,147,765
2020-03-15,North America,1478,65,565
2020-03-15,Europe,4690,459,1341
2020-03-15,Asia,2255,71,545
2020-03-15,Africa,3758,31,1520
2020-03-15,South America,2609,75,558
2020-03-15,Australia,1168,72,770
2020-03-16,North America,3276,300,1194
2020-03-16,Europe,3136,57,1714
2020-03-16,Asia,645,6,634
2020-03-16,Africa,4826,234,4169
2020-03-16,South America,708,25,285
2020-03-16,Australia,4109,330,1897
2020-03-17,North America,4890,13,3279
2020-03-17,Europe,2012,84,578
2020-03-17,Asia,3964,274,366
2020-03-17,Africa,4710,433,3443
2020-03-17,South America,451,16,238
2020-03-17,Australia,418,36,54
2020-03-18,North America,4216,372,2328
2020-03-18,Europe,4856,194,2798
2020-03-18,Asia,811,37,81
2020-03-18,Africa,517,7,452
2020-03-18,South America,619,15,152
2020-03-18,Australia,4905,39,3667
2020-03-19,North America,4767,177,828
2020-03-19,Europe,120,12,25
2020-03-19,Asia,269,25,266
2020-03-19,Africa,2305,53,678
2020-03-19,South America,3576,309,2435
2020-03-19,Australia,1762,165,1211
2020-03-20,North America,4604,204,1308
2020-03-20,Europe,2149,47,1987
2020-03-20,Asia,2185,57,760
2020-03-20,Africa,421,36,319
2020-03-20,South America,3559,276,1372
2020-03-20,Australia,2044,135,1179
2020-03-21,North America,857,7,617
2020-03-21,Europe,1510,126,599
2020-03-21,Asia,817,52,130
2020-03-21,Africa,762,53,238
2020-03-21,South America,1030,64,1025
2020-03-21,Australia,840,40,681
2020-03-22,North America,4094,305,873
2020-03-22,Europe,4345,236,3204
2020-03-22,Asia,1707,119,1576
2020-03-22,Africa,4762,72,3953
2020-03-22,South America,4710,2,3258
2020-03-22,Australia,3159,301,763
2020-03-23,North America,1259,75,666
2020-03-23,Europe,2514,251,280
2020-03-23,Asia,4783,138,589
2020-03-23,Africa,3960,218,378
2020-03-23,South America,2340,73,1117
2020-03-23,Australia,2890,149,1909
2020-03-24,North America,1431,127,198
2020-03-24,Europe,3894,228,236
2020-03-24,Asia,229,10,113
2020-03-24,Africa,2792,109,2782
2020-03-24,South America,351,26,209
2020-03-24,Australia,4242,88,3867
2020-03-25,North America,3037,278,2340
2020-03-25,Europe,2981,174,204
2020-03-25,Asia,3852,73,828
2020-03-25,Africa,3206,16,1536
2020-03-25,South America,4514,60,392
2020-03-25,Australia,1,0,0
2020-03-26,North America,2366,214,1715
2020-03-26,Europe,994,23,397
2020-03-26,Asia,737,59,577
2020-03-26,Africa,1913,13,218
2020-03-26,South America,1050,65,405
2020-03-26,Australia,3380,8,2866
2020-03-27,North America,3748,315,2878
2020-03-27,Europe,880,29,838
2020-03-27,Asia,4709,53,3649
2020-03-27,Africa,4143,220,3414
2020-03-27,South America,2880,193,2872
2020-03-27,Australia,4494,195,261
2020-03-28,North America,159,8,71
2020-03-28,Europe,1761,79,940
2020-03-28,Asia,4640,295,2103
2020-03-28,Africa,1099,52,983
2020-03-28,South America,1340,112,176
2020-03-28,Australia,2502,223,2315
2020-03-29,North America,63,1,20
2020-03-29,Europe,4515,98,2536
2020-03-29,Asia,4179,157,3467
2020-03-29,Africa,264,3,78
2020-03-29,South America,2104,90,1411
2020-03-29,Australia,1692,163,1361
2020-03-30,North America,3322,271,3267
2020-03-30,Europe,4409,258,3008
2020-03-30,Asia,3289,73,494
2020-03-30,Africa,4654,125,3977
2020-03-30,South America,3346,198,1152
2020-03-30,Australia,3192,89,901
2020-03-31,North America,1739,90,1637
2020-03-31,Europe,1879,7,963
2020-03-31,Asia,1546,84,762
2020-03-31,Africa,4401,100,365
2020-03-31,South America,2850,66,2840
2020-03-31,Australia,4938,322,945
2020-04-01,North America,1189,112,850
2020-04-01,Europe,904,11,502
2020-04-01,Asia,2947,177,2325
2020-04-01,Africa,4573,304,4253
2020-04-01,South America,1320,24,286
2020-04-01,Australia,3548,212,2211
2020-04-02,North America,1036,28,323
2020-04-02,Europe,754,28,718
2020-04-02,Asia,1123,79,166
2020-04-02,Africa,3188,219,1610
2020-04-02,South America,1687,61,1420
2020-04-02,Australia,2666,122,1290
2020-04-03,North America,3450,243,663
2020-04-03,Europe,147,4,126
2020-04-03,Asia,4456,369,1708
2020-04-03,Africa,1693,31,1034
2020-04-03,South America,1253,56,778
2020-04-03,Australia,978,8,715
2020-04-04,North America,1722,38,1316
2020-04-04,Europe,2171,203,271
2020-04-04,Asia,393,1,202
2020-04-04,Africa,3489,209,539
2020-04-04,South America,3161,302,2277
2020-04-04,Australia,3035,211,2178
2020-04-05,North America,3301,218,1537
2020-04-05,Europe,985,13,780
2020-04-05,Asia,2284,49,585
2020-04-05,Africa,3731,334,2192
2020-04-05,South America,936,88,746
2020-04-05,Australia,1255,118,531
2020-04-06,North America,446,26,259
2020-04-06,Europe,2412,116,2348
2020-04-06,Asia,4435,342,1780
2020-04-06,Africa,3342,206,2828
2020-04-06,South America,2672,113,352
2020-04-06,Australia,1106,63,711
2020-04-07,North America,4655,429,2592
2020-04-07,Europe,928,77,625
2020-04-07,Asia,47,0,47
2020-04-07,Africa,3011,103,2872
2020-04-07,South America,3050,13,1567
2020-04-07,Australia,846,58,115
2020-04-08,North America,1741,54,807
2020-04-08,Europe,1555,113,420
2020-04-08,Asia,1021,93,599
2020-04-08,Africa,503,33,166
2020-04-08,South America,1312,77,943
2020-04-08,Australia,104,2,58
2020-04-09,North America,3822,313,2528
2020-04-09,Europe,2575,221,1426
2020-04-09,Asia,3860,7,3065
2020-04-09,Africa,2021,187,1277
2020-04-09,South America,4943,302,686
2020-04-09,Australia,3840,367,2438
2020-04-10,North America,4963,43,1439
2020-04-10,Europe,4978,473,4005
2020-04-10,Asia,1409,128,455
2020-04-10,Africa,3214,111,1164
2020-04-10,South America,2780,146,1061
2020-04-10,Australia,2217,145,822
2020-04-11,North America,1844,112,1007
2020-04-11,Europe,1297,97,138
2020-04-11,Asia,2967,278,2654
2020-04-11,Africa,4129,66,2958
2020-04-11,South America,632,42,610
2020-04-11,Australia,3163,187,1593
2020-04-12,North America,1178,9,530
2020-04-12,Europe,307,16,21
2020-04-12,Asia,2784,184,1603
2020-04-12,Africa,3762,368,2556
2020-04-12,South America,655,22,30
2020-04-12,Australia,4221,240,3257
2020-04-13,North America,2576,199,2234
2020-04-13,Europe,4247,5,3923
2020-04-13,Asia,2296,32,1981
2020-04-13,Africa,2568,144,335
2020-04-13,South America,4993,352,3892
2020-04-13,Australia,1209,69,1035
2020-04-14,North America,4519,255,535
2020-04-14,Europe,1588,42,861
2020-04-14,Asia,4460,394,727
2020-04-14,Africa,12,0,2
2020-04-14,South America,4349,140,1594
2020-04-14,Australia,1096,13,268
2020-04-15,North America,3388,268,1931
2020-04-15,Europe,4607,183,1970
2020-04-15,Asia,2433,86,1223
2020-04-15,Africa,4350,319,1619
2020-04-15,South America,2469,161,351
2020-04-15,Australia,2901,204,453
2020-04-16,North America,3764,196,3166
2020-04-16,Europe,4290,101,2042
2020-04-16,Asia,1526,80,453
2020-04-16,Africa,4666,443,3588
2020-04-16,South America,1906,156,1196
2020-04-16,Australia,4151,219,274
2020-04-17,North America,1381,38,802
2020-04-17,Europe,3763,94,419
2020-04-17,Asia,1548,104,514
2020-04-17,Africa,2237,88,661
2020-04-17,South America,4839,151,3476
2020-04-17,Australia,4380,154,3025
2020-04-18,North America,353,34,303
2020-04-18,Europe,4636,270,2402
2020-04-18,Asia,534,19,125
2020-04-18,Africa,706,69,329
2020-04-18,South America,1908,11,1016
2020-04-18,Australia,2275,208,399
2020-04-19,North America,2979,263,1374
2020-04-19,Europe,1496,45,1425
2020-04-19,Asia,4780,423,1581
2020-04-19,Africa,271,4,104
2020-04-19,South America,4283,322,2050
2020-04-19,Australia,4721,118,2062
2020-04-20,North America,4229,127,1837
2020-04-20,Europe,2859,10,256
2020-04-20,Asia,3321,198,2289
2020-04-20,Africa,1735,32,1084
2020-04-20,South America,4604,370,1917
2020-04-20,Australia,851,70,601
2020-04-21,North America,3714,32,1402
2020-04-21,Europe,1089,57,548
2020-04-21,Asia,4072,362,2043
2020-04-21,Africa,2713,178,2207
2020-04-21,South America,857,17,644
2020-04-21,Australia,3378,311,1032
2020-04-22,North America,801,60,665
2020-04-22,Europe,3880,50,1873
2020-04-22,Asia,2465,5,686
2020-04-22,Africa,524,43,143
2020-04-22,South America,3843,316,2137
2020-04-22,Australia,471,17,108
2020-04-23,North America,1135,19,978
2020-04-23,Europe,3755,249,436
2020-04-23,Asia,4356,403,789
2020-04-23,Africa,4996,121,4986
2020-04-23,South America,2009,200,992
2020-04-23,Australia,1849,63,465
2020-04-24,North America,2105,15,2061
2020-04-24,Europe,4810,449,3271
2020-04-24,Asia,1372,129,555
2020-04-24,Africa,1634,24,1193
2020-04-24,South America,4128,157,488
2020-04-24,Australia,101,9,41
2020-04-25,North America,3978,242,2506
2020-04-25,Europe,510,50,187
2020-04-25,Asia,4088,128,1157
2020-04-25,Africa,4649,163,3885
2020-04-25,South America,2732,126,2396
2020-04-25,Australia,4402,354,3068
2020-04-26,North America,2211,44,417
2020-04-26,Europe,1910,148,194
2020-04-26,Asia,3314,176,1381
2020-04-26,Africa,728,58,535
2020-04-26,South America,3357,326,1025
2020-04-26,Australia,149,7,17
2020-04-27,North America,4537,4,621
2020-04-27,Europe,4913,464,3944
2020-04-27,Asia,2357,114,1322
2020-04-27,Africa,5000,176,2893
2020-04-27,South America,2917,183,861
2020-04-27,Australia,968,30,535
2020-04-28,North America,1226,78,624
2020-04-28,Europe,2602,17,1815
2020-04-28,Asia,25,0,6
2020-04-28,Africa,3449,100,1374
2020-04-28,South America,4845,209,3256
2020-04-28,Australia,4624,4,1510
2020-04-29,North America,3119,175,1109
2020-04-29,Europe,465,22,42
2020-04-29,Asia,2959,53,1655
2020-04-29,Africa,1004,55,695
2020-04-29,South America,3963,104,3508
2020-04-29,Australia,4337,150,3929
2020-04-30,North America,4315,132,3255
2020-04-30,Europe,866,10,760
2020-04-30,Asia,2428,166,1968
2020-04-30,Africa,4692,381,1002
2020-04-30,South America,2415,51,2040
2020-04-30,Australia,284,5,137
2020-05-01,North America,3845,270,2809
2020-05-01,Europe,1541,38,1453
2020-05-01,Asia,824,26,341
2020-05-01,Africa,661,54,453
2020-05-01,South America,3186,168,2503
2020-05-01,Australia,634,11,410
2020-05-02,North America,3439,317,3144
2020-05-02,Europe,2805,51,1908
2020-05-02,Asia,1912,189,1597
2020-05-02,Africa,2493,12,621
2020-05-02,South America,2535,6,2049
2020-05-02,Australia,4369,321,1098
2020-05-03,North America,2426,235,490
2020-05-03,Europe,963,33,341
2020-05-03,Asia,1721,113,1114
2020-05-03,Africa,4419,72,3270
2020-05-03,South America,1123,15,1023
2020-05-03,Australia,915,60,869
2020-05-04,North America,2615,242,2172
2020-05-04,Europe,1090,68,1090
2020-05-04,Asia,3672,246,2944
2020-05-04,Africa,1396,3,558
2020-05-04,South America,2734,178,2240
2020-05-04,Australia,4023,282,1736
2020-05-05,North America,2124,143,1087
2020-05-05,Europe,2578,176,2052
2020-05-05,Asia,4095,227,1359
2020-05-05,Africa,3014,127,947
2020-05-05,South America,3778,348,610
2020-05-05,Australia,497,38,168
2020-05-06,North America,4357,125,2970
2020-05-06,Europe,1554,114,141
2020-05-06,Asia,687,33,624
2020-05-06,Africa,563,0,270
2020-05-06,South America,4329,346,3130
2020-05-06,Australia,1704,64,1319
2020-05-07,North America,642,38,367
2020-05-07,Europe,2397,26,1360
2020-05-07,Asia,4480,199,4138
2020-05-07,Africa,909,90,735
2020-05-07,South America,3921,241,2456
2020-05-07,Australia,3061,214,2695
2020-05-08,North America,4514,224,641
2020-05-08,Europe,4499,414,1888
2020-05-08,Asia,3329,182,989
2020-05-08,Africa,1166,63,914
2020-05-08,South America,1388,78,619
2020-05-08,Australia,4103,381,2285
2020-05-09,North America,4478,73,2046
2020-05-09,Europe,2703,75,830
2020-05-09,Asia,2896,203,1669
2020-05-09,Africa,1928,69,425
2020-05-09,South America,1932,28,761
2020-05-09,Australia,4282,207,4023
2020-05-10,North America,4140,11,1255
2020-05-10,Europe,3222,66,3211
2020-05-10,Asia,719,51,693
2020-05-10,Africa,171,12,20
2020-05-10,South America,2755,217,733
2020-05-10,Australia,3104,112,1315
2020-05-11,North America,3655,356,2186
2020-05-11,Europe,3653,150,2215
2020-05-11,Asia,460,9,397
2020-05-11,Africa,1908,162,1517
2020-05-11,South America,1381,39,693
2020-05-11,Australia,3443,82,1854
2020-05-12,North America,1062,10,307
2020-05-12,Europe,3436,123,3214
2020-05-12,Asia,395,8,340
2020-05-12,Africa,1118,76,427
2020-05-12,South America,479,6,399
2020-05-12,Australia,3645,40,760
2020-05-13,North America,3237,239,2437
2020-05-13,Europe,2121,167,1377
2020-05-13,Asia,716,34,218
2020-05-13,Africa,3508,50,546
2020-05-13,South America,4467,439,537
2020-05-13,Australia,1077,18,728
2020-05-14,North America,548,17,525
2020-05-14,Europe,3328,320,3180
2020-05-14,Asia,3405,250,1256
2020-05-14,Africa,45,4,18
2020-05-14,South America,1270,1,606
2020-05-14,Australia,3919,152,2105
2020-05-15,North America,1783,98,106
2020-05-15,Europe,2949,5,1219
2020-05-15,Asia,3864,168,244
2020-05-15,Africa,1545,38,652
2020-05-15,South America,1313,40,138
2020-05-15,Australia,2713,148,1522
2020-05-16,North America,1357,74,1324
2020-05-16,Europe,4175,106,2083
2020-05-16,Asia,556,14,164
2020-05-16,Africa,2353,69,1826
2020-05-16,South America,3577,278,1845
2020-05-16,Australia,1855,82,1533
2020-05-17,North America,912,64,392
2020-05-17,Europe,2587,69,1831
2020-05-17,Asia,4461,187,1417
2020-05-17,Africa,84,3,61
2020-05-17,South America,411,17,23
2020-05-17,Australia,4336,418,1030
2020-05-18,North America,3395,107,505
2020-05-18,Europe,1982,19,1596
2020-05-18,Asia,6,0,3
2020-05-18,Africa,4392,338,2251
2020-05-18,South America,2969,43,935
2020-05-18,Australia,4004,210,3443
2020-05-19,North America,739,67,484
2020-05-19,Europe,4757,73,1293
2020-05-19,Asia,4692,101,3432
2020-05-19,Africa,4258,260,3938
2020-05-19,South America,4502,366,1124
2020-05-19,Australia,4349,200,1644
2020-05-20,North America,2373,213,297
2020-05-20,Europe,3790,330,1675
2020-05-20,Asia,1485,1,49
2020-05-20,Africa,2816,130,2658
2020-05-20,South America,1426,18,1262
2020-05-20,Australia,1002,73,534
2020-05-21,North America,1284,96,408
2020-05-21,Europe,2186,115,654
2020-05-21,Asia,3719,37,3338
2020-05-21,Africa,2781,276,1272
2020-05-21,South America,2536,114,1330
2020-05-21,Australia,3972,22,633
2020-05-22,North America,1185,74,905
2020-05-22,Europe,1127,46,229
2020-05-22,Asia,4621,7,2949
2020-05-22,Africa,288,2,23
2020-05-22,South America,1434,81,891
2020-05-22,Australia,3942,357,3396
2020-05-23,North America,323,30,211
2020-05-23,Europe,2078,81,651
2020-05-23,Asia,1821,44,328
2020-05-23,Africa,4099,349,2854
2020-05-23,South America,4391,429,3810
2020-05-23,Australia,3364,321,1816
2020-05-24,North America,3843,17,1523
2020-05-24,Europe,1555,111,1349
2020-05-24,Asia,1942,77,903
2020-05-24,Africa,4444,320,2144
2020-05-24,South America,4245,159,1684
2020-05-24,Australia,1205,55,565
2020-05-25,North America,413,38,350
2020-05-25,Europe,2579,45,1953
2020-05-25,Asia,1209,94,927
2020-05-25,Africa,3479,24,1817
2020-05-25,South America,1760,13,28
2020-05-25,Australia,4376,238,4349
2020-05-26,North America,3048,72,1302
2020-05-26,Europe,4188,256,1252
2020-05-26,Asia,895,64,305
2020-05-26,Africa,3362,161,1602
2020-05-26,South America,729,16,351
2020-05-26,Australia,2680,141,1526
2020-05-27,North America,2863,7,74
2020-05-27,Europe,3596,211,2353
2020-05-27,Asia,4968,322,1026
2020-05-27,Africa,1128,85,241
2020-05-27,South America,2961,228,829
2020-05-27,Australia,2560,234,661
2020-05-28,North America,2841,106,409
2020-05-28,Europe,4829,19,3006
2020-05-28,Asia,4428,340,409
2020-05-28,Africa,4741,341,2153
2020-05-28,South America,371,35,155
2020-05-28,Australia,4352,389,2967
2020-05-29,North America,791,36,528
2020-05-29,Europe,4413,220,4364
2020-05-29,Asia,2284,82,1673
2020-05-29,Africa,2311,210,537
2020-05-29,South America,2444,96,1356
2020-05-29,Australia,2476,193,1177
2020-05-30,North America,667,56,90
2020-05-30,Europe,2454,73,2209
2020-05-30,Asia,4099,370,1653
2020-05-30,Africa,345,34,226
2020-05-30,South America,2107,40,838
2020-05-30,Australia,2874,130,1909
2020-05-31,North America,3427,190,992
2020-05-31,Europe,1921,30,1338
2020-05-31,Asia,4812,68,1327
2020-05-31,Africa,4470,420,1169
2020-05-31,South America,4302,253,4146
2020-05-31,Australia,74,3,70
2020-06-01,North America,1126,94,446
2020-06-01,Europe,4815,383,1095
2020-06-01,Asia,3372,141,532
2020-06-01,Africa,215,11,193
2020-06-01,South America,2913,203,1855
2020-06-01,Australia,3227,34,80
2020-06-02,North America,2460,8,1033
2020-06-02,Europe,818,63,154
2020-06-02,Asia,1630,15,1207
2020-06-02,Africa,1923,58,1793
2020-06-02,South America,2648,160,980
2020-06-02,Australia,3493,257,2164
2020-06-03,North America,678,11,360
2020-06-03,Europe,1015,85,948
2020-06-03,Asia,4807,403,3603
2020-06-03,Africa,1707,159,256
2020-06-03,South America,4885,11,1369
2020-06-03,Australia,2806,38,576
2020-06-04,North America,4985,165,4465
2020-06-04,Europe,3925,339,2180
2020-06-04,Asia,2438,224,916
2020-06-04,Africa,4560,374,3354
2020-06-04,South America,310,14,185
2020-06-04,Australia,367,19,340
2020-06-05,North America,1191,48,915
2020-06-05,Europe,4599,246,3539
2020-06-05,Asia,663,38,329
2020-06-05,Africa,4939,430,2489
2020-06-05,South America,34,1,4
2020-06-05,Australia,4828,230,716
2020-06-06,North America,3694,205,943
2020-06-06,Europe,3009,131,2946
2020-06-06,Asia,3465,206,3231
2020-06-06,Africa,2753,244,1387
2020-06-06,South America,4301,245,4254
2020-06-06,Australia,2288,60,700
2020-06-07,North America,3457,261,2532
2020-06-07,Europe,3149,225,1037
2020-06-07,Asia,2249,120,1677
2020-06-07,Africa,2894,60,1194
2020-06-07,South America,3522,62,2001
2020-06-07,Australia,1087,13,579
2020-06-08,North America,771,67,218
2020-06-08,Europe,4017,246,488
2020-06-08,Asia,322,15,182
2020-06-08,Africa,2489,135,1027
2020-06-08,South America,4128,141,1440
2020-06-08,Australia,3388,268,2843
2020-06-09,North America,131,9,34
2020-06-09,Europe,570,38,80
2020-06-09,Asia,3264,253,474
2020-06-09,Africa,3552,47,3280
2020-06-09,South America,3924,296,3887
2020-06-09,Australia,220,5,88
2020-06-10,North America,535,24,527
2020-06-10,Europe,3313,121,2717
2020-06-10,Asia,1173,0,738
2020-06-10,Africa,1508,97,1224
2020-06-10,South America,2454,60,2178
2020-06-10,Australia,4674,310,338
2020-06-11,North America,1271,13,201
2020-06-11,Europe,2463,136,488
2020-06-11,Asia,4814,235,4492
2020-06-11,Africa,2163,157,1299
2020-06-11,South America,3017,49,1845
2020-06-11,Australia,4203,282,2103
2020-06-12,North America,263,4,151
2020-06-12,Europe,741,56,135
2020-06-12,Asia,3154,197,3008
2020-06-12,Africa,1973,136,1842
2020-06-12,South America,135,11,122
2020-06-12,Australia,4800,413,418
2020-06-13,North America,2143,107,1267
2020-06-13,Europe,1689,121,770
2020-06-13,Asia,3440,121,1836
2020-06-13,Africa,2010,103,2003
2020-06-13,South America,2332,97,2322
2020-06-13,Australia,1648,119,753
2020-06-14,North America,3564,264,1902
2020-06-14,Europe,2568,208,289
2020-06-14,Asia,1891,14,377
2020-06-14,Africa,1322,41,971
2020-06-14,South America,313,22,169
2020-06-14,Australia,10,0,1
2020-06-15,North America,4685,99,1577
2020-06-15,Europe,3055,98,2573
2020-06-15,Asia,814,22,681
2020-06-15,Africa,702,65,117
2020-06-15,South America,1183,5,51
2020-06-15,Australia,422,17,389
2020-06-16,North America,2509,197,615
2020-06-16,Europe,2670,33,771
2020-06-16,Asia,4927,101,3303
2020-06-16,Africa,2079,119,1880
2020-06-16,South America,3274,33,654
2020-06-16,Australia,1439,40,1373
2020-06-17,North America,3261,89,2498
2020-06-17,Europe,3118,82,986
2020-06-17,Asia,2011,115,1244
2020-06-17,Africa,1417,36,900
2020-06-17,South America,4895,473,4139
2020-06-17,Australia,2840,233,2647
2020-06-18,North America,389,11,307
2020-06-18,Europe,4776,376,4023
2020-06-18,Asia,2953,34,2653
2020-06-18,Africa,1456,39,1206
2020-06-18,South America,3167,287,2697
2020-06-18,Australia,372,21,182
2020-06-19,North America,2944,146,383
2020-06-19,Europe,508,11,117
2020-06-19,Asia,2081,63,560
2020-06-19,Africa,136,8,111
2020-06-19,South America,595,49,142
2020-06-19,Australia,2371,161,1443
2020-06-20,North America,752,11,660
2020-06-20,Europe,2385,63,154
2020-06-20,Asia,4633,199,1143
2020-06-20,Africa,3824,354,3213
2020-06-20,South America,457,7,411
2020-06-20,Australia,1827,178,1587
2020-06-21,North America,4406,46,3051
2020-06-21,Europe,793,18,169
2020-06-21,Asia,3481,199,367
2020-06-21,Africa,2869,112,787
2020-06-21,South America,4962,75,1014
2020-06-21,Australia,3319,312,1431
2020-06-22,North America,3345,161,3278
2020-06-22,Europe,216,17,155
2020-06-22,Asia,2881,22,1304
2020-06-22,Africa,4591,284,912
2020-06-22,South America,1251,101,798
2020-06-22,Australia,3030,294,481
2020-06-23,North America,1122,6,883
2020-06-23,Europe,4747,156,852
2020-06-23,Asia,4696,412,548
2020-06-23,Africa,80,3,3
2020-06-23,South America,1601,23,653
2020-06-23,Australia,3407,208,1957
2020-06-24,North America,3124,194,329
2020-06-24,Europe,198,9,58
2020-06-24,Asia,3983,141,3636
2020-06-24,Africa,500,9,27
2020-06-24,South America,4565,402,1907
2020-06-24,Australia,4904,236,1429
2020-06-25,North America,2144,72,663
2020-06-25,Europe,3640,201,554
2020-06-25,Asia,3999,141,1546
2020-06-25,Africa,1724,91,1164
2020-06-25,South America,119,10,57
2020-06-25,Australia,350,32,226
2020-06-26,North America,367,6,158
2020-06-26,Europe,2118,86,1815
2020-06-26,Asia,2359,221,1900
2020-06-26,Africa,4683,120,1705
2020-06-26,South America,3933,18,2850
2020-06-26,Australia,469,0,394
2020-06-27,North America,1797,11,288
2020-06-27,Europe,2329,56,266
2020-06-27,Asia,2778,179,1720
2020-06-27,Africa,3205,145,1782
2020-06-27,South America,962,9,944
2020-06-27,Australia,4773,439,4371
2020-06-28,North America,244,5,64
2020-06-28,Europe,508,37,215
2020-06-28,Asia,324,26,233
2020-06-28,Africa,1165,17,172
2020-06-28,South America,3768,234,638
2020-06-28,Australia,2322,182,1478
2020-06-29,North America,3961,311,2820
2020-06-29,Europe,3554,16,1219
2020-06-29,Asia,252,17,196
2020-06-29,Africa,366,29,139
2020-06-29,South America,2552,98,176
2020-06-29,Australia,1637,40,1414
2020-06-30,North America,3247,232,1367
2020-06-30,Europe,2615,72,2437
2020-06-30,Asia,241,22,30
2020-06-30,Africa,3212,114,2877
2020-06-30,South America,3321,151,1695
2020-06-30,Australia,1501,97,706
2020-07-01,North America,1760,155,631
2020-07-01,Europe,4099,7,2582
2020-07-01,Asia,3563,261,274
2020-07-01,Africa,925,20,739
2020-07-01,South America,4495,408,489
2020-07-01,Australia,2338,209,1436
2020-07-02,North America,4986,284,4419
2020-07-02,Europe,1106,56,987
2020-07-02,Asia,3420,112,1327
2020-07-02,Africa,1016,53,981
2020-07-02,South America,2890,163,1356
2020-07-02,Australia,668,30,506
2020-07-03,North America,363,34,245
2020-07-03,Europe,1626,23,1164
2020-07-03,Asia,1614,85,1222
2020-07-03,Africa,2086,205,473
2020-07-03,South America,41,0,24
2020-07-03,Australia,4634,182,2405
2020-07-04,North America,3673,250,1052
2020-07-04,Europe,1978,4,1462
2020-07-04,Asia,4973,112,4636
2020-07-04,Africa,73,0,68
2020-07-04,South America,2072,78,1980
2020-07-04,Australia,3702,144,798
2020-07-05,North America,2658,81,241
2020-07-05,Europe,4306,415,1761
2020-07-05,Asia,651,65,376
2020-07-05,Africa,4805,374,554
2020-07-05,South America,2573,182,2147
2020-07-05,Australia,1334,20,917
2020-07-06,North America,1828,99,533
2020-07-06,Europe,4531,383,744
2020-07-06,Asia,2864,55,2474
2020-07-06,Africa,3689,209,1298
2020-07-06,South America,2712,10,1911
2020-07-06,Australia,4433,75,4401
2020-07-07,North America,3355,30,2229
2020-07-07,Europe,202,0,200
2020-07-07,Asia,3215,132,2027
2020-07-07,Africa,721,35,344
2020-07-07,South America,732,51,451
2020-07-07,Australia,3366,115,1424
2020-07-08,North America,3119,72,1222
2020-07-08,Europe,2950,230,795
2020-07-08,Asia,3640,128,2676
2020-07-08,Africa,4335,68,3441
2020-07-08,South America,514,39,72
2020-07-08,Australia,2087,134,1921
2020-07-09,North America,275,7,38
2020-07-09,Europe,4426,197,501
2020-07-09,Asia,2097,25,35
2020-07-09,Africa,1316,92,680
2020-07-09,South America,4266,63,2405
2020-07-09,Australia,4098,286,3561
2020-07-10,North America,4965,256,2327
2020-07-10,Europe,1587,43,629
2020-07-10,Asia,177,3,19
2020-07-10,Africa,1239,17,478
2020-07-10,South America,35,0,19
2020-07-10,Australia,3884,207,1120
2020-07-11,North America,70,5,23
2020-07-11,Europe,4575,448,3615
2020-07-11,Asia,1126,63,394
2020-07-11,Africa,2507,130,396
2020-07-11,South America,3733,165,1915
2020-07-11,Australia,3287,146,397
2020-07-12,North America,2766,112,552
2020-07-12,Europe,1006,11,880
2020-07-12,Asia,1011,67,690
2020-07-12,Africa,949,19,207
2020-07-12,South America,1399,132,834
2020-07-12,Australia,81,1,37
2020-07-13,North America,1330,69,738
2020-07-13,Europe,3174,262,598
2020-07-13,Asia,1217,36,119
2020-07-13,Africa,3983,98,2719
2020-07-13,South America,1335,2,425
2020-07-13,Australia,2415,90,561
2020-07-14,North America,4935,200,1016
2020-07-14,Europe,2039,19,1319
2020-07-14,Asia,1792,96,914
2020-07-14,Africa,3978,67,3798
2020-07-14,South America,2861,155,2454
2020-07-14,Australia,614,39,410
2020-07-15,North America,2079,59,947
2020-07-15,Europe,1867,10,1527
2020-07-15,Asia,2548,94,602
2020-07-15,Africa,3853,355,1634
2020-07-15,South America,774,6,666
2020-07-15,Australia,1408,29,1364
2020-07-16,North America,1782,7,1727
2020-07-16,Europe,1024,32,375
2020-07-16,Asia,1181,49,521
2020-07-16,Africa,4078,388,2165
2020-07-16,South America,2707,255,1525
2020-07-16,Australia,1960,191,553
2020-07-17,North America,4268,255,2918
2020-07-17,Europe,1125,109,148
2020-07-17,Asia,2395,100,773
2020-07-17,Africa,2779,228,1322
2020-07-17,South America,904,60,873
2020-07-17,Australia,2208,207,1087
2020-07-18,North America,2946,26,460
2020-07-18,Europe,475,32,304
2020-07-18,Asia,2036,117,767
2020-07-18,Africa,319,13,105
2020-07-18,South America,765,25,84
2020-07-18,Australia,2279,172,346
2020-07-19,North America,3305,323,858
2020-07-19,Europe,1617,109,410
2020-07-19,Asia,4492,298,1482
2020-07-19,Africa,4077,329,1462
2020-07-19,South America,1844,18,984
2020-07-19,Australia,3582,96,2314
2020-07-20,North America,2023,175,1281
2020-07-20,Europe,3579,299,2109
2020-07-20,Asia,3012,137,1213
2020-07-20,Africa,392,39,120
2020-07-20,South America,534,14,512
2020-07-20,Australia,4830,187,1191
2020-07-21,North America,3276,152,827
2020-07-21,Europe,1736,18,742
2020-07-21,Asia,2843,212,1452
2020-07-21,Africa,2967,101,101
2020-07-21,South America,1386,29,978
2020-07-21,Australia,3860,111,2046
2020-07-22,North America,2575,219,2410
2020-07-22,Europe,56,2,42
2020-07-22,Asia,657,6,47
2020-07-22,Africa,4611,431,2683
2020-07-22,South America,3162,236,514
2020-07-22,Australia,4225,85,4060
2020-07-23,North America,240,16,26
2020-07-23,Europe,4971,202,440
2020-07-23,Asia,1668,20,1047
2020-07-23,Africa,4455,414,4424
2020-07-23,South America,2200,79,839
2020-07-23,Australia,1437,57,841
2020-07-24,North America,3625,231,3019
2020-07-24,Europe,2195,35,1690
2020-07-24,Asia,1024,1,982
2020-07-24,Africa,2123,187,884
2020-07-24,South America,3830,118,1495
2020-07-24,Australia,4241,268,3936
2020-07-25,North America,3525,128,1046
2020-07-25,Europe,4416,300,3705
2020-07-25,Asia,2822,34,2411
2020-07-25,Africa,135,7,70
2020-07-25,South America,4462,195,1044
2020-07-25,Australia,2917,61,526
2020-07-26,North America,2434,194,1555
2020-07-26,Europe,1056,98,278
2020-07-26,Asia,3941,60,3175
2020-07-26,Africa,51,0,1
2020-07-26,South America,3051,117,1124
2020-07-26,Australia,2613,47,1609
2020-07-27,North America,380,3,293
2020-07-27,Europe,4616,241,3276
2020-07-27,Asia,4188,102,334
2020-07-27,Africa,349,4,191
2020-07-27,South America,1237,62,332
2020-07-27,Australia,1871,59,1516
2020-07-28,North America,3796,330,1741
2020-07-28,Europe,4048,137,1387
2020-07-28,Asia,2405,151,627
2020-07-28,Africa,1372,123,134
2020-07-28,South America,432,16,226
2020-07-28,Australia,2485,56,290
2020-07-29,North America,2885,76,572
2020-07-29,Europe,13,1,4
2020-07-29,Asia,2667,215,1754
2020-07-29,Africa,433,10,342
2020-07-29,South America,1063,63,363
2020-07-29,Australia,2686,85,1868
2020-07-30,North America,3050,189,1663
2020-07-30,Europe,2705,214,2186
2020-07-30,Asia,2188,32,1645
2020-07-30,Africa,338,13,323
2020-07-30,South America,1035,74,485
2020-07-30,Australia,4562,49,1985
2020-07-31,North America,2801,40,1387
2020-07-31,Europe,3167,158,2454
2020-07-31,Asia,4195,154,405
2020-07-31,Africa,3730,254,1925
2020-07-31,South America,1473,128,864
2020-07-31,Australia,708,36,104
2020-08-01,North America,4543,274,614
2020-08-01,Europe,3006,272,2470
2020-08-01,Asia,1745,67,1042
2020-08-01,Africa,4363,332,2653
2020-08-01,South America,4233,36,431
2020-08-01,Australia,2045,136,1607
2020-08-02,North America,2353,214,1403
2020-08-02,Europe,69,4,47
2020-08-02,Asia,1995,33,399
2020-08-02,Africa,3340,109,1264
2020-08-02,South America,968,85,241
2020-08-02,Australia,3785,88,2225
2020-08-03,North America,4844,278,824
2020-08-03,Europe,3767,148,928
2020-08-03,Asia,2184,143,753
2020-08-03,Africa,3814,150,3482
2020-08-03,South America,4671,159,2286
2020-08-03,Australia,99,4,17
2020-08-04,North America,3060,217,991
2020-08-04,Europe,2764,102,988
2020-08-04,Asia,1582,87,1037
2020-08-04,Africa,277,11,22
2020-08-04,South America,4007,191,3722
2020-08-04,Australia,248,12,233
2020-08-05,North America,1500,86,402
2020-08-05,Europe,3180,253,762
2020-08-05,Asia,2279,181,1171
2020-08-05,Africa,3798,30,3663
2020-08-05,South America,2101,180,375
2020-08-05,Australia,1037,19,136
2020-08-06,North America,831,40,241
2020-08-06,Europe,3771,83,770
2020-08-06,Asia,3365,152,3250
2020-08-06,Africa,4663,74,393
2020-08-06,South America,4672,320,4156
2020-08-06,Australia,349,21,55
2020-08-07,North America,14,0,6
2020-08-07,Europe,2900,189,1638
2020-08-07,Asia,7,0,6
2020-08-07,Africa,4273,201,3888
2020-08-07,South America,1980,146,1762
2020-08-07,Australia,3330,133,741
2020-08-08,North America,162,1,21
2020-08-08,Europe,3521,94,404
2020-08-08,Asia,4274,48,3792
2020-08-08,Africa,3151,60,1170
2020-08-08,South America,2869,177,1102
2020-08-08,Australia,4693,256,1543
2020-08-09,North America,2382,46,279
2020-08-09,Europe,4979,138,4205
2020-08-09,Asia,3376,78,1819
2020-08-09,Africa,3127,123,2258
2020-08-09,South America,4695,441,621
2020-08-09,Australia,2918,223,2619
2020-08-10,North America,3823,174,285
2020-08-10,Europe,955,92,584
2020-08-10,Asia,4394,79,1339
2020-08-10,Africa,386,4,380
2020-08-10,South America,4080,356,583
2020-08-10,Australia,428,26,404
2020-08-11,North America,3076,269,1893
2020-08-11,Europe,630,46,228
2020-08-11,Asia,107,0,105
2020-08-11,Africa,1402,76,339
2020-08-11,South America,1530,35,48
2020-08-11,Australia,3033,216,1926
2020-08-12,North America,2322,74,1841
2020-08-12,Europe,626,2,332
2020-08-12,Asia,4509,141,3919
2020-08-12,Africa,1239,33,351
2020-08-12,South America,3556,145,421
2020-08-12,Australia,408,0,371
2020-08-13,North America,1601,75,519
2020-08-13,Europe,2699,261,474
2020-08-13,Asia,4417,23,2921
2020-08-13,Africa,2435,115,1039
2020-08-13,South America,2949,172,1330
2020-08-13,Australia,4005,271,3319
2020-08-14,North America,741,20,682
2020-08-14,Europe,3569,282,3351
2020-08-14,Asia,4932,213,254
2020-08-14,Africa,57,0,8
2020-08-14,South America,2514,183,2404
2020-08-14,Australia,3308,91,2317
2020-08-15,North America,2068,22,105
2020-08-15,Europe,3302,223,2405
2020-08-15,Asia,1706,56,1464
2020-08-15,Africa,1000,79,511
2020-08-15,South America,3903,83,3332
2020-08-15,Australia,4010,389,3077
2020-08-16,North America,1796,50,181
2020-08-16,Europe,4030,398,2615
2020-08-16,Asia,1843,107,1314
2020-08-16,Africa,775,46,572
2020-08-16,South America,4322,250,2681
2020-08-16,Australia,890,50,578
2020-08-17,North America,4407,423,2119
2020-08-17,Europe,891,42,649
2020-08-17,Asia,3831,76,193
2020-08-17,Africa,2352,132,466
2020-08-17,South America,2173,59,1550
2020-08-17,Australia,724,8,426
2020-08-18,North America,1239,66,82
2020-08-18,Europe,4977,391,1806
2020-08-18,Asia,1,0,0
2020-08-18,Africa,586,19,500
2020-08-18,South America,1991,157,1413
2020-08-18,Australia,1116,52,1044
2020-08-19,North America,2984,192,2664
2020-08-19,Europe,2828,217,1802
2020-08-19,Asia,1008,96,322
2020-08-19,Africa,2127,103,1089
2020-08-19,South America,352,8,229
2020-08-19,Australia,3590,43,1150
2020-08-20,North America,1177,71,181
2020-08-20,Europe,699,21,672
2020-08-20,Asia,750,20,635
2020-08-20,Africa,95,1,43
2020-08-20,South America,3784,193,3028
2020-08-20,Australia,3771,101,1824
2020-08-21,North America,1056,102,968
2020-08-21,Europe,1171,11,904
2020-08-21,Asia,3593,293,3489
2020-08-21,Africa,1868,67,587
2020-08-21,South America,4983,160,1030
2020-08-21,Australia,2863,267,434
2020-08-22,North America,2556,205,2235
2020-08-22,Europe,3812,351,1966
2020-08-22,Asia,1569,100,1262
2020-08-22,Africa,661,63,567
2020-08-22,South America,3126,100,3030
2020-08-22,Australia,2348,224,2089
2020-08-23,North America,11,0,2
2020-08-23,Europe,3839,152,2428
2020-08-23,Asia,3622,131,2046
2020-08-23,Africa,2955,71,2597
2020-08-23,South America,1912,110,966
2020-08-23,Australia,2299,96,544
2020-08-24,North America,1411,140,593
2020-08-24,Europe,1090,40,634
2020-08-24,Asia,899,83,290
2020-08-24,Africa,1144,35,706
2020-08-24,South America,3968,228,594
2020-08-24,Australia,739,14,245
2020-08-25,North America,4447,356,3124
2020-08-25,Europe,4652,244,484
2020-08-25,Asia,942,77,491
2020-08-25,Africa,1336,126,952
2020-08-25,South America,4585,374,1790
2020-08-25,Australia,3093,49,1532
2020-08-26,North America,4522,335,1911
2020-08-26,Europe,2091,54,733
2020-08-26,Asia,297,12,162
2020-08-26,Africa,2698,126,2021
2020-08-26,South America,2907,2,756
2020-08-26,Australia,3766,176,2403
2020-08-27,North America,520,20,498
2020-08-27,Europe,329,1,86
2020-08-27,Asia,1177,91,280
2020-08-27,Africa,279,22,47
2020-08-27,South America,2709,44,334
2020-08-27,Australia,2162,116,2030
2020-08-28,North America,2919,50,753
2020-08-28,Europe,4813,159,2526
2020-08-28,Asia,3577,93,708
2020-08-28,Africa,3528,269,2328
2020-08-28,South America,2969,120,920
2020-08-28,Australia,45,2,36
2020-08-29,North America,3635,300,2706
2020-08-29,Europe,1262,113,1067
2020-08-29,Asia,2741,269,2684
2020-08-29,Africa,1609,151,1514
2020-08-29,South America,1471,50,1392
2020-08-29,Australia,1374,62,942
2020-08-30,North America,2942,109,404
2020-08-30,Europe,2941,44,1328
2020-08-30,Asia,1841,17,772
2020-08-30,Africa,4910,448,4252
2020-08-30,South America,1820,137,1648
2020-08-30,Australia,3284,23,1481
2020-08-31,North America,2873,171,884
2020-08-31,Europe,2773,193,263
2020-08-31,Asia,86,5,69
2020-08-31,Africa,3097,138,1807
2020-08-31,South America,2886,198,1505
2020-08-31,Australia,4891,457,4687
2020-09-01,North America,3019,206,956
2020-09-01,Europe,667,57,426
2020-09-01,Asia,2094,47,1579
2020-09-01,Africa,4036,73,610
2020-09-01,South America,3687,194,683
2020-09-01,Australia,2157,111,1718
2020-09-02,North America,1132,99,1021
2020-09-02,Europe,3384,77,1174
2020-09-02,Asia,595,22,86
2020-09-02,Africa,1403,11,20
2020-09-02,South America,926,10,202
2020-09-02,Australia,702,2,311
2020-09-03,North America,4462,25,1452
2020-09-03,Europe,702,68,447
2020-09-03,Asia,2392,120,518
2020-09-03,Africa,680,62,195
2020-09-03,South America,3543,16,2134
2020-09-03,Australia,453,43,407
2020-09-04,North America,2054,190,1268
2020-09-04,Europe,1910,8,935
2020-09-04,Asia,4490,327,4348
2020-09-04,Africa,460,24,403
2020-09-04,South America,608,43,375
2020-09-04,Australia,2486,134,1166
2020-09-05,North America,3919,163,1066
2020-09-05,Europe,3757,259,1036
2020-09-05,Asia,4754,384,2504
2020-09-05,Africa,2445,109,1095
2020-09-05,South America,1030,41,776
2020-09-05,Australia,131,6,53
2020-09-06,North America,2410,3,34
2020-09-06,Europe,4070,142,1809
2020-09-06,Asia,3648,344,829
2020-09-06,Africa,3805,53,1670
2020-09-06,South America,3114,176,1769
2020-09-06,Australia,303,27,90
2020-09-07,North America,366,15,360
2020-09-07,Europe,1415,28,183
2020-09-07,Asia,341,32,335
2020-09-07,Africa,1167,8,260
2020-09-07,South America,77,1,34
2020-09-07,Australia,4045,262,3203
2020-09-08,North America,1362,29,398
2020-09-08,Europe,884,22,24
2020-09-08,Asia,1328,44,1309
2020-09-08,Africa,2901,44,1338
2020-09-08,South America,2107,103,563
2020-09-08,Australia,4571,288,1631
2020-09-09,North America,4519,344,3558
2020-09-09,Europe,898,86,844
2020-09-09,Asia,2660,85,852
2020-09-09,Africa,2077,124,1644
2020-09-09,South America,2022,99,188
2020-09-09,Australia,891,6,792
2020-09-10,North America,4114,392,3930
2020-09-10,Europe,240,9,168
2020-09-10,Asia,4638,458,2114
2020-09-10,Africa,1851,1,626
2020-09-10,South America,1795,104,237
2020-09-10,Australia,2398,200,679
2020-09-11,North America,2014,111,628
2020-09-11,Europe,1382,18,63
2020-09-11,Asia,1517,84,504
2020-09-11,Africa,585,42,459
2020-09-11,South America,1130,48,1000
2020-09-11,Australia,53,3,10
2020-09-12,North America,1859,151,1580
2020-09-12,Europe,1983,88,1099
2020-09-12,Asia,68,1,63
2020-09-12,Africa,2471,51,1683
2020-09-12,South America,3664,195,1102
2020-09-12,Australia,4860,328,3468
2020-09-13,North America,4186,42,2935
2020-09-13,Europe,3242,324,2096
2020-09-13,Asia,2096,58,1465
2020-09-13,Africa,3137,208,2136
2020-09-13,South America,208,3,124
2020-09-13,Australia,2914,121,265
2020-09-14,North America,3286,154,2733
2020-09-14,Europe,4734,352,4575
2020-09-14,Asia,2738,220,1567
2020-09-14,Africa,4553,53,2877
2020-09-14,South America,4025,109,3784
2020-09-14,Australia,589,57,255
2020-09-15,North America,2251,144,1224
2020-09-15,Europe,602,4,336
2020-09-15,Asia,3397,243,2362
2020-09-15,Africa,3094,90,874
2020-09-15,South America,4413,280,1315
2020-09-15,Australia,845,15,366
2020-09-16,North America,4530,202,1291
2020-09-16,Europe,2855,194,914
2020-09-16,Asia,4088,93,3590
2020-09-16,Africa,4169,342,923
2020-09-16,South America,1011,51,395
2020-09-16,Australia,1671,87,1221
2020-09-17,North America,3306,158,282
2020-09-17,Europe,4684,80,4072
2020-09-17,Asia,3010,162,1772
2020-09-17,Africa,417,23,292
2020-09-17,South America,1895,87,1765
2020-09-17,Australia,1456,89,713
2020-09-18,North America,1400,16,1109
2020-09-18,Europe,2060,54,379
2020-09-18,Asia,1128,11,449
2020-09-18,Africa,3436,224,2397
2020-09-18,South America,4253,146,1671
2020-09-18,Australia,3069,74,2376
2020-09-19,North America,4034,97,573
2020-09-19,Europe,2262,30,1612
2020-09-19,Asia,4094,194,2306
2020-09-19,Africa,4994,499,2819
2020-09-19,South America,3056,209,552
2020-09-19,Australia,1219,56,739
2020-09-20,North America,2517,80,1029
2020-09-20,Europe,755,53,527
2020-09-20,Asia,1898,156,873
2020-09-20,Africa,1173,86,134
2020-09-20,South America,4160,294,1814
2020-09-20,Australia,371,6,164
2020-09-21,North America,2986,297,1160
2020-09-21,Europe,2504,165,1672
2020-09-21,Asia,3229,225,817
2020-09-21,Africa,2894,249,1917
2020-09-21,South America,1726,31,1061
2020-09-21,Australia,3464,85,1078
2020-09-22,North America,3489,6,3441
2020-09-22,Europe,4053,111,3037
2020-09-22,Asia,1310,13,1237
2020-09-22,Africa,2803,199,2024
2020-09-22,South America,2646,92,323
2020-09-22,Australia,2197,29,1790
2020-09-23,North America,3554,32,454
2020-09-23,Europe,3764,170,1531
2020-09-23,Asia,1399,97,120
2020-09-23,Africa,4615,245,1506
2020-09-23,South America,262,25,175
2020-09-23,Australia,987,34,37
2020-09-24,North America,2253,205,1777
2020-09-24,Europe,3936,360,3647
2020-09-24,Asia,3964,296,652
2020-09-24,Africa,3345,223,246
2020-09-24,South America,1781,91,141
2020-09-24,Australia,3250,4,157
2020-09-25,North America,3948,259,847
2020-09-25,Europe,138,11,54
2020-09-25,Asia,2166,20,301
2020-09-25,Africa,813,12,25
2020-09-25,South America,2246,202,624
2020-09-25,Australia,4984,442,4913
2020-09-26,North America,2784,30,1802
2020-09-26,Europe,1868,134,1671
2020-09-26,Asia,690,19,470
2020-09-26,Africa,1638,21,122
2020-09-26,South America,1218,79,239
2020-09-26,Australia,3438,54,2839
2020-09-27,North America,1704,72,1651
2020-09-27,Europe,573,57,547
2020-09-27,Asia,561,44,337
2020-09-27,Africa,4781,13,2635
2020-09-27,South America,3175,219,2114
2020-09-27,Australia,3099,158,337
2020-09-28,North America,4011,46,3802
2020-09-28,Europe,4686,175,3439
2020-09-28,Asia,4290,33,2341
2020-09-28,Africa,2576,158,535
2020-09-28,South America,2875,38,485
2020-09-28,Australia,2938,3,1006
2020-09-29,North America,2879,158,2630
2020-09-29,Europe,961,43,70
2020-09-29,Asia,2033,84,792
2020-09-29,Africa,1224,34,367
2020-09-29,South America,4026,241,2013
2020-09-29,Australia,153,4,37
2020-09-30,North America,2228,13,380
2020-09-30,Europe,3628,73,2639
2020-09-30,Asia,790,76,730
2020-09-30,Africa,87,0,9
2020-09-30,South America,705,67,624
2020-09-30,Australia,1705,16,692
2020-10-01,North America,1274,107,1238
2020-10-01,Europe,2123,170,269
2020-10-01,Asia,59,1,13
2020-10-01,Africa,592,14,495
2020-10-01,South America,780,67,231
2020-10-01,Australia,239,1,84
2020-10-02,North America,3869,271,1444
2020-10-02,Europe,1056,84,364
2020-10-02,Asia,3117,158,1386
2020-10-02,Africa,762,55,422
2020-10-02,South America,722,39,349
2020-10-02,Australia,3106,60,2828
2020-10-03,North America,3255,46,3036
2020-10-03,Europe,4858,95,1799
2020-10-03,Asia,3971,152,3774
2020-10-03,Africa,1412,112,1046
2020-10-03,South America,2516,233,857
2020-10-03,Australia,2608,39,1501
2020-10-04,North America,3695,251,1601
2020-10-04,Europe,2712,248,1386
2020-10-04,Asia,2248,116,1798
2020-10-04,Africa,3481,121,2799
2020-10-04,South America,3054,252,653
2020-10-04,Australia,3761,72,1315
2020-10-05,North America,985,96,190
2020-10-05,Europe,197,8,52
2020-10-05,Asia,4990,0,2016
2020-10-05,Africa,541,52,137
2020-10-05,South America,749,2,433
2020-10-05,Australia,585,28,351
2020-10-06,North America,1946,41,1637
2020-10-06,Europe,179,11,52
2020-10-06,Asia,3146,146,2969
2020-10-06,Africa,2103,12,99
2020-10-06,South America,2188,151,1668
2020-10-06,Australia,362,17,264
2020-10-07,North America,1347,108,458
2020-10-07,Europe,4661,352,3558
2020-10-07,Asia,3292,0,2659
2020-10-07,Africa,673,0,323
2020-10-07,South America,1300,22,652
2020-10-07,Australia,4881,462,2021
2020-10-08,North America,2528,126,467
2020-10-08,Europe,853,9,167
2020-10-08,Asia,4912,155,573
2020-10-08,Africa,66,3,59
2020-10-08,South America,2005,59,1282
2020-10-08,Australia,1576,52,915
2020-10-09,North America,4309,146,3460
2020-10-09,Europe,4666,95,1698
2020-10-09,Asia,3717,167,2960
2020-10-09,Africa,2873,165,830
2020-10-09,South America,4465,150,2980
2020-10-09,Australia,1641,75,1359
2020-10-10,North America,291,27,220
2020-10-10,Europe,1011,86,312
2020-10-10,Asia,3107,245,2314
2020-10-10,Africa,4539,262,683
2020-10-10,South America,701,62,425
2020-10-10,Australia,3996,169,2984
2020-10-11,North America,3199,69,587
2020-10-11,Europe,1335,8,987
2020-10-11,Asia,2179,10,58
2020-10-11,Africa,3370,104,1911
2020-10-11,South America,1216,39,1127
2020-10-11,Australia,2837,148,2431
2020-10-12,North America,2037,202,1518
2020-10-12,Europe,554,42,537
2020-10-12,Asia,4758,99,4727
2020-10-12,Africa,519,27,394
2020-10-12,South America,2942,141,981
2020-10-12,Australia,4071,191,1316
2020-10-13,North America,19,0,13
2020-10-13,Europe,4957,244,2066
2020-10-13,Asia,4404,408,2424
2020-10-13,Africa,4528,198,3837
2020-10-13,South America,1615,18,1025
2020-10-13,Australia,4168,376,4124
2020-10-14,North America,2439,240,1461
2020-10-14,Europe,719,7,677
2020-10-14,Asia,3225,55,143
2020-10-14,Africa,4365,360,4132
2020-10-14,South America,1659,79,608
2020-10-14,Australia,819,30,153
2020-10-15,North America,2265,224,894
2020-10-15,Europe,4155,349,4152
2020-10-15,Asia,3887,42,1243
2020-10-15,Africa,4414,403,3963
2020-10-15,South America,1605,30,1268
2020-10-15,Australia,3041,259,2538
2020-10-16,North America,37,3,13
2020-10-16,Europe,8,0,4
2020-10-16,Asia,810,34,237
2020-10-16,Africa,899,24,387
2020-10-16,South America,1944,75,1061
2020-10-16,Australia,1340,90,385
2020-10-17,North America,1092,19,936
2020-10-17,Europe,623,55,118
2020-10-17,Asia,2931,15,896
2020-10-17,Africa,1402,106,186
2020-10-17,South America,1803,170,1508
2020-10-17,Australia,2132,157,315
2020-10-18,North America,4746,138,2205
2020-10-18,Europe,4471,334,3806
2020-10-18,Asia,3350,298,692
2020-10-18,Africa,455,40,241
2020-10-18,South America,3634,165,1618
2020-10-18,Australia,216,21,21
2020-10-19,North America,2024,196,387
2020-10-19,Europe,2167,142,2007
2020-10-19,Asia,2884,8,34
2020-10-19,Africa,798,0,348
2020-10-19,South America,2219,47,1454
2020-10-19,Australia,481,35,232
2020-10-20,North America,1951,120,187
2020-10-20,Europe,2254,66,1944
2020-10-20,Asia,3372,218,2221
2020-10-20,Africa,2260,195,206
2020-10-20,South America,3837,169,1741
2020-10-20,Australia,1112,106,635
2020-10-21,North America,4143,207,2485
2020-10-21,Europe,2387,147,960
2020-10-21,Asia,527,12,520
2020-10-21,Africa,11,0,6
2020-10-21,South America,1042,78,790
2020-10-21,Australia,3773,358,815
2020-10-22,North America,639,15,516
2020-10-22,Europe,2641,218,225
2020-10-22,Asia,3205,114,2620
2020-10-22,Africa,3289,294,3221
2020-10-22,South America,2152,81,846
2020-10-22,Australia,1294,82,384
2020-10-23,North America,2481,156,704
2020-10-23,Europe,816,78,736
2020-10-23,Asia,2580,220,2192
2020-10-23,Africa,42,1,22
2020-10-23,South America,2135,8,1826
2020-10-23,Australia,2761,199,885
2020-10-24,North America,1471,82,1146
2020-10-24,Europe,4320,260,2982
2020-10-24,Asia,4201,44,4128
2020-10-24,Africa,1517,37,975
2020-10-24,South America,1539,80,332
2020-10-24,Australia,1198,4,528
2020-10-25,North America,4805,233,3762
2020-10-25,Europe,2885,150,574
2020-10-25,Asia,525,21,117
2020-10-25,Africa,1523,150,229
2020-10-25,South America,922,51,494
2020-10-25,Australia,3817,159,1074
2020-10-26,North America,38,3,4
2020-10-26,Europe,3678,146,2796
2020-10-26,Asia,1290,64,633
2020-10-26,Africa,3697,78,337
2020-10-26,South America,1537,135,253
2020-10-26,Australia,1177,24,670
2020-10-27,North America,4678,125,1231
2020-10-27,Europe,598,10,80
2020-10-27,Asia,502,0,406
2020-10-27,Africa,4364,287,3587
2020-10-27,South America,2271,96,524
2020-10-27,Australia,3627,270,968
2020-10-28,North America,546,2,409
2020-10-28,Europe,4591,380,2444
2020-10-28,Asia,1162,9,164
2020-10-28,Africa,1694,85,165
2020-10-28,South America,4717,231,469
2020-10-28,Australia,1698,100,786
2020-10-29,North America,3629,151,236
2020-10-29,Europe,1858,78,1354
2020-10-29,Asia,2169,38,1644
2020-10-29,Africa,3379,38,495
2020-10-29,South America,2892,186,2200
2020-10-29,Australia,114,1,114
2020-10-30,North America,4962,201,3535
2020-10-30,Europe,4669,303,3166
2020-10-30,Asia,4694,394,495
2020-10-30,Africa,1436,105,537
2020-10-30,South America,3513,248,389
2020-10-30,Australia,109,4,40
2020-10-31,North America,349,27,219
2020-10-31,Europe,1140,47,833
2020-10-31,Asia,3518,302,686
2020-10-31,Africa,1497,136,1466
2020-10-31,South America,4610,110,4001
2020-10-31,Australia,4054,146,2492
2020-11-01,North America,2224,217,2055
2020-11-01,Europe,4925,407,2398
2020-11-01,Asia,3359,199,1511
2020-11-01,Africa,2222,17,1788
2020-11-01,South America,4536,8,681
2020-11-01,Australia,4808,254,1480
2020-11-02,North America,1867,109,1722
2020-11-02,Europe,3626,264,3133
2020-11-02,Asia,4501,357,2638
2020-11-02,Africa,1917,71,462
2020-11-02,South America,652,32,73
2020-11-02,Australia,4105,83,2424
2020-11-03,North America,3500,181,2329
2020-11-03,Europe,1075,88,237
2020-11-03,Asia,4098,211,3550
2020-11-03,Africa,3105,230,2000
2020-11-03,South America,474,11,377
2020-11-03,Australia,1077,103,124
2020-11-04,North America,3715,78,2967
2020-11-04,Europe,470,28,359
2020-11-04,Asia,4271,121,2536
2020-11-04,Africa,3715,98,1989
2020-11-04,South America,531,8,254
2020-11-04,Australia,1977,154,1226
2020-11-05,North America,3574,64,1950
2020-11-05,Europe,1756,51,1606
2020-11-05,Asia,2682,219,1435
2020-11-05,Africa,1187,47,916
2020-11-05,South America,1069,88,964
2020-11-05,Australia,1707,61,547
2020-11-06,North America,2734,241,736
2020-11-06,Europe,2191,103,1685
2020-11-06,Asia,1774,89,1230
2020-11-06,Africa,3463,232,2334
2020-11-06,South America,4025,262,3181
2020-11-06,Australia,4458,240,1394
2020-11-07,North America,776,57,389
2020-11-07,Europe,4513,327,2554
2020-11-07,Asia,1306,39,922
2020-11-07,Africa,1058,53,333
2020-11-07,South America,34,1,19
2020-11-07,Australia,3640,133,913
2020-11-08,North America,2434,110,418
2020-11-08,Europe,3038,234,520
2020-11-08,Asia,768,64,543
2020-11-08,Africa,457,0,396
2020-11-08,South America,59,4,46
2020-11-08,Australia,31,1,6
2020-11-09,North America,1480,89,1094
2020-11-09,Europe,4866,207,1771
2020-11-09,Asia,3847,328,3506
2020-11-09,Africa,3049,29,735
2020-11-09,South America,386,6,106
2020-11-09,Australia,2560,199,2065
2020-11-10,North America,1890,32,536
2020-11-10,Europe,704,54,192
2020-11-10,Asia,852,39,220
2020-11-10,Africa,3389,90,1988
2020-11-10,South America,667,53,567
2020-11-10,Australia,3121,175,1923
2020-11-11,North America,1066,10,217
2020-11-11,Europe,3379,132,1660
2020-11-11,Asia,3234,10,1300
2020-11-11,Africa,2793,93,1868
2020-11-11,South America,1248,45,172
2020-11-11,Australia,806,54,806
2020-11-12,North America,2884,87,1723
2020-11-12,Europe,504,10,266
2020-11-12,Asia,2833,223,1876
2020-11-12,Africa,1007,52,514
2020-11-12,South America,197,10,97
2020-11-12,Australia,4919,424,3967
2020-11-13,North America,2474,194,1958
2020-11-13,Europe,734,41,133
2020-11-13,Asia,3844,334,810
2020-11-13,Africa,2299,192,2072
2020-11-13,South America,489,48,222
2020-11-13,Australia,1701,57,533
2020-11-14,North America,4810,467,4597
2020-11-14,Europe,1385,48,143
2020-11-14,Asia,3621,290,2264
2020-11-14,Africa,3525,48,328
2020-11-14,South America,4444,150,2117
2020-11-14,Australia,4161,223,3186
2020-11-15,North America,2390,172,2281
2020-11-15,Europe,1613,83,1597
2020-11-15,Asia,4337,102,2989
2020-11-15,Africa,728,22,192
2020-11-15,South America,1777,148,1440
2020-11-15,Australia,1815,93,644
2020-11-16,North America,2556,175,1980
2020-11-16,Europe,834,48,793
2020-11-16,Asia,4716,341,1097
2020-11-16,Africa,2291,226,1310
2020-11-16,South America,4176,257,4007
2020-11-16,Australia,2846,281,1639
2020-11-17,North America,3793,344,471
2020-11-17,Europe,4355,146,774
2020-11-17,Asia,3550,330,1099
2020-11-17,Africa,2071,21,592
2020-11-17,South America,4851,192,2668
2020-11-17,Australia,843,44,241
2020-11-18,North America,2496,117,698
2020-11-18,Europe,3678,207,2611
2020-11-18,Asia,1788,135,1199
2020-11-18,Africa,4106,323,569
2020-11-18,South America,4768,143,2777
2020-11-18,Australia,4163,284,3757
2020-11-19,North America,2556,137,2470
2020-11-19,Europe,2697,68,836
2020-11-19,Asia,1750,164,1515
2020-11-19,Africa,2544,157,642
2020-11-19,South America,2907,267,1161
2020-11-19,Australia,3474,86,2653
2020-11-20,North America,2767,132,637
2020-11-20,Europe,3313,53,2423
2020-11-20,Asia,1685,78,1671
2020-11-20,Africa,4353,173,2569
2020-11-20,South America,2727,169,1022
2020-11-20,Australia,1348,31,953
2020-11-21,North America,1779,19,852
2020-11-21,Europe,2603,123,408
2020-11-21,Asia,2006,175,1724
2020-11-21,Africa,689,0,512
2020-11-21,South America,3968,301,3325
2020-11-21,Australia,3504,313,3235
2020-11-22,North America,2818,157,505
2020-11-22,Europe,248,20,147
2020-11-22,Asia,3764,171,1447
2020-11-22,Africa,737,47,443
2020-11-22,South America,825,77,585
2020-11-22,Australia,4312,233,3690
2020-11-23,North America,3682,182,2078
2020-11-23,Europe,157,7,99
2020-11-23,Asia,4900,92,2258
2020-11-23,Africa,3012,229,1597
2020-11-23,South America,4364,338,1139
2020-11-23,Australia,328,18,285
2020-11-24,North America,3354,217,644
2020-11-24,Europe,4050,269,2211
2020-11-24,Asia,1373,127,1352
2020-11-24,Africa,1818,126,431
2020-11-24,South America,456,16,54
2020-11-24,Australia,602,53,281
2020-11-25,North America,1978,109,1203
2020-11-25,Europe,1526,61,1286
2020-11-25,Asia,2344,139,1564
2020-11-25,Africa,427,30,276
2020-11-25,South America,1349,26,1083
2020-11-25,Australia,1021,86,726
2020-11-26,North America,3679,70,3002
2020-11-26,Europe,3155,250,2068
2020-11-26,Asia,809,29,387
2020-11-26,Africa,3758,198,1459
2020-11-26,South America,2842,122,1916
2020-11-26,Australia,4300,311,2604
2020-11-27,North America,2989,101,2725
2020-11-27,Europe,1993,180,1011
2020-11-27,Asia,3438,182,201
2020-11-27,Africa,3587,303,1563
2020-11-27,South America,1,0,0
2020-11-27,Australia,258,0,165
2020-11-28,North America,599,24,33
2020-11-28,Europe,3304,326,918
2020-11-28,Asia,2040,88,1320
2020-11-28,Africa,1238,5,1114
2020-11-28,South America,4706,212,1311
2020-11-28,Australia,178,11,41
2020-11-29,North America,2279,201,1670
2020-11-29,Europe,2398,0,1082
2020-11-29,Asia,269,23,199
2020-11-29,Africa,3892,36,2253
2020-11-29,South America,1477,3,193
2020-11-29,Australia,2558,154,2367
2020-11-30,North America,75,4,6
2020-11-30,Europe,421,10,87
2020-11-30,Asia,4901,333,3222
2020-11-30,Africa,1946,107,500
2020-11-30,South America,226,2,198
2020-11-30,Australia,873,19,284
2020-12-01,North America,2041,70,632
2020-12-01,Europe,2931,154,763
2020-12-01,Asia,1998,11,921
2020-12-01,Africa,1637,63,567
2020-12-01,South America,1756,161,1480
2020-12-01,Australia,3002,59,922
2020-12-02,North America,928,11,657
2020-12-02,Europe,2153,91,1803
2020-12-02,Asia,3090,212,1396
2020-12-02,Africa,1407,133,236
2020-12-02,South America,1737,2,374
2020-12-02,Australia,3081,62,909
2020-12-03,North America,1817,9,1492
2020-12-03,Europe,1680,80,691
2020-12-03,Asia,2155,61,1818
2020-12-03,Africa,4249,387,1852
2020-12-03,South America,403,1,343
2020-12-03,Australia,2501,208,2061
2020-12-04,North America,3464,38,2635
2020-12-04,Europe,887,57,240
2020-12-04,Asia,2510,202,1042
2020-12-04,Africa,1589,107,918
2020-12-04,South America,3085,82,3021
2020-12-04,Australia,3120,129,1077
2020-12-05,North America,3063,69,1384
2020-12-05,Europe,2040,134,341
2020-12-05,Asia,3903,177,3035
2020-12-05,Africa,27,0,8
2020-12-05,South America,531,34,264
2020-12-05,Australia,3522,340,1549
2020-12-06,North America,2378,0,444
2020-12-06,Europe,2893,55,789
2020-12-06,Asia,4471,223,3535
2020-12-06,Africa,2260,92,895
2020-12-06,South America,2353,88,1016
2020-12-06,Australia,3946,164,1997
2020-12-07,North America,1285,0,1040
2020-12-07,Europe,3736,147,426
2020-12-07,Asia,2294,126,1479
2020-12-07,Africa,1714,33,381
2020-12-07,South America,1507,22,464
2020-12-07,Australia,1904,36,805
2020-12-08,North America,1835,89,1822
2020-12-08,Europe,3014,1,1281
2020-12-08,Asia,3133,105,2008
2020-12-08,Africa,3761,80,2872
2020-12-08,South America,2853,102,743
2020-12-08,Australia,4953,283,4294
2020-12-09,North America,2773,260,817
2020-12-09,Europe,2865,247,2223
2020-12-09,Asia,550,38,290
2020-12-09,Africa,4729,415,1103
2020-12-09,South America,1645,90,1640
2020-12-09,Australia,2871,91,2112
2020-12-10,North America,4243,174,3967
2020-12-10,Europe,4583,35,613
2020-12-10,Asia,3865,147,792
2020-12-10,Africa,2276,208,225
2020-12-10,South America,2990,193,1683
2020-12-10,Australia,2723,143,472
2020-12-11,North America,3526,225,3355
2020-12-11,Europe,2951,35,692
2020-12-11,Asia,4418,309,2345
2020-12-11,Africa,593,14,223
2020-12-11,South America,4259,369,3672
2020-12-11,Australia,396,36,358
2020-12-12,North America,4276,208,2678
2020-12-12,Europe,3077,5,1299
2020-12-12,Asia,3493,251,2390
2020-12-12,Africa,3647,212,3350
2020-12-12,South America,2253,158,1801
2020-12-12,Australia,3807,53,3689
2020-12-13,North America,4415,5,2695
2020-12-13,Europe,1040,79,275
2020-12-13,Asia,2683,44,1050
2020-12-13,Africa,1854,46,337
2020-12-13,South America,4473,236,1280
2020-12-13,Australia,4985,101,4519
2020-12-14,North America,1203,115,794
2020-12-14,Europe,2505,242,587
2020-12-14,Asia,4444,167,2936
2020-12-14,Africa,2,0,1
2020-12-14,South America,3323,270,3248
2020-12-14,Australia,1920,186,1843
2020-12-15,North America,1366,37,357
2020-12-15,Europe,1977,108,1508
2020-12-15,Asia,2618,254,358
2020-12-15,Africa,2337,149,833
2020-12-15,South America,1868,92,1625
2020-12-15,Australia,2889,88,505
2020-12-16,North America,1718,133,147
2020-12-16,Europe,3136,304,2607
2020-12-16,Asia,4920,411,1374
2020-12-16,Africa,3874,258,1160
2020-12-16,South America,1824,83,231
2020-12-16,Australia,1926,175,1798
2020-12-17,North America,305,10,266
2020-12-17,Europe,3323,177,1826
2020-12-17,Asia,1885,7,1278
2020-12-17,Africa,1758,175,1264
2020-12-17,South America,3614,334,1588
2020-12-17,Australia,243,21,219
2020-12-18,North America,4478,175,3512
2020-12-18,Europe,4512,323,1459
2020-12-18,Asia,2592,78,367
2020-12-18,Africa,3942,259,849
2020-12-18,South America,445,38,202
2020-12-18,Australia,1573,107,1047
2020-12-19,North America,4208,6,3491
2020-12-19,Europe,3109,53,127
2020-12-19,Asia,3535,199,741
2020-12-19,Africa,4157,216,2185
2020-12-19,South America,2121,21,1116
2020-12-19,Australia,2244,201,1265
2020-12-20,North America,1899,64,1719
2020-12-20,Europe,943,9,801
2020-12-20,Asia,3663,224,2716
2020-12-20,Africa,933,49,264
2020-12-20,South America,348,3,175
2020-12-20,Australia,4448,86,2449
2020-12-21,North America,4393,107,3451
2020-12-21,Europe,1609,131,1505
2020-12-21,Asia,449,11,152
2020-12-21,Africa,1132,8,883
2020-12-21,South America,2911,191,400
2020-12-21,Australia,4452,407,3440
2020-12-22,North America,6,0,1
2020-12-22,Europe,282,0,50
2020-12-22,Asia,3351,310,3292
2020-12-22,Africa,1031,28,680
2020-12-22,South America,989,3,405
2020-12-22,Australia,243,17,209
2020-12-23,North America,4127,174,1722
2020-12-23,Europe,2041,151,1883
2020-12-23,Asia,3580,64,2791
2020-12-23,Africa,3510,133,1321
2020-12-23,South America,4292,180,1594
2020-12-23,Australia,973,97,895
2020-12-24,North America,1591,88,865
2020-12-24,Europe,4849,236,2453
2020-12-24,Asia,1283,4,477
2020-12-24,Africa,2327,109,780
2020-12-24,South America,2183,162,1358
2020-12-24,Australia,697,3,583
2020-12-25,North America,1055,17,513
2020-12-25,Europe,630,19,262
2020-12-25,Asia,3268,0,1298
2020-12-25,Africa,1641,153,572
2020-12-25,South America,1540,89,1240
2020-12-25,Australia,3631,316,1771
2020-12-26,North America,2954,62,2212
2020-12-26,Europe,1243,84,638
2020-12-26,Asia,1355,132,1195
2020-12-26,Africa,4563,350,4216
2020-12-26,South America,3675,210,1870
2020-12-26,Australia,4032,4,602
2020-12-27,North America,974,26,753
2020-12-27,Europe,1252,90,677
2020-12-27,Asia,1268,93,577
2020-12-27,Africa,905,66,73
2020-12-27,South America,3581,322,2353
2020-12-27,Australia,3444,35,1087
2020-12-28,North America,2345,108,1230
2020-12-28,Europe,665,34,543
2020-12-28,Asia,2486,25,2079
2020-12-28,Africa,573,42,155
2020-12-28,South America,2892,205,1981
2020-12-28,Australia,2218,162,340
2020-12-29,North America,33,1,30
2020-12-29,Europe,3167,103,328
2020-12-29,Asia,4139,27,2036
2020-12-29,Africa,3105,128,2226
2020-12-29,South America,4334,110,3983
2020-12-29,Australia,3553,149,1576
2020-12-30,North America,11,1,1
2020-12-30,Europe,4431,163,445
2020-12-30,Asia,2884,138,252
2020-12-30,Africa,1399,137,1048
2020-12-30,South America,2772,132,475
2020-12-30,Australia,1422,102,790
2020-12-31,North America,1566,30,832
2020-12-31,Europe,3738,197,1665
2020-12-31,Asia,2551,118,1521
2020-12-31,Africa,167,16,36
2020-12-31,South America,2540,41,1514
2020-12-31,Australia,3102,78,1986
